scrapeNum,courseCodes,link
0,BU111,https://academic-calendar.wlu.ca/course.php?c=49770&cal=1&d=1942&s=899&y=77
1,BU121,https://academic-calendar.wlu.ca/course.php?c=49771&cal=1&d=1942&s=899&y=77
2,BU127,https://academic-calendar.wlu.ca/course.php?c=49774&cal=1&d=1942&s=899&y=77
3,BU208,https://academic-calendar.wlu.ca/course.php?c=49772&cal=1&d=1942&s=899&y=77
4,BU223,https://academic-calendar.wlu.ca/course.php?c=49773&cal=1&d=1942&s=899&y=77
5,BU225,https://academic-calendar.wlu.ca/course.php?c=49860&cal=1&d=1942&s=899&y=77
6,BU231,https://academic-calendar.wlu.ca/course.php?c=49775&cal=1&d=1942&s=899&y=77
7,BU233,https://academic-calendar.wlu.ca/course.php?c=49776&cal=1&d=1942&s=899&y=77
8,BU247,https://academic-calendar.wlu.ca/course.php?c=49777&cal=1&d=1942&s=899&y=77
9,BU275,https://academic-calendar.wlu.ca/course.php?c=49778&cal=1&d=1942&s=899&y=77
10,BU283,https://academic-calendar.wlu.ca/course.php?c=49854&cal=1&d=1942&s=899&y=77
11,BU288,https://academic-calendar.wlu.ca/course.php?c=49779&cal=1&d=1942&s=899&y=77
12,BU321,https://academic-calendar.wlu.ca/course.php?c=49856&cal=1&d=1942&s=899&y=77
13,BU352,https://academic-calendar.wlu.ca/course.php?c=49780&cal=1&d=1942&s=899&y=77
14,BU353,https://academic-calendar.wlu.ca/course.php?c=49781&cal=1&d=1942&s=899&y=77
15,BU354,https://academic-calendar.wlu.ca/course.php?c=49782&cal=1&d=1942&s=899&y=77
16,BU357,https://academic-calendar.wlu.ca/course.php?c=49851&cal=1&d=1942&s=899&y=77
17,BU362,https://academic-calendar.wlu.ca/course.php?c=49783&cal=1&d=1942&s=899&y=77
18,BU375,https://academic-calendar.wlu.ca/course.php?c=49784&cal=1&d=1942&s=899&y=77
19,BU387,https://academic-calendar.wlu.ca/course.php?c=49785&cal=1&d=1942&s=899&y=77
20,BU393,https://academic-calendar.wlu.ca/course.php?c=49786&cal=1&d=1942&s=899&y=77
21,BU397,https://academic-calendar.wlu.ca/course.php?c=49787&cal=1&d=1942&s=899&y=77
22,BU398,https://academic-calendar.wlu.ca/course.php?c=49788&cal=1&d=1942&s=899&y=77
23,BU400,https://academic-calendar.wlu.ca/course.php?c=49847&cal=1&d=1942&s=899&y=77
24,BU403,https://academic-calendar.wlu.ca/course.php?c=49789&cal=1&d=1942&s=899&y=77
25,BU405,https://academic-calendar.wlu.ca/course.php?c=49790&cal=1&d=1942&s=899&y=77
26,BU408,https://academic-calendar.wlu.ca/course.php?c=49791&cal=1&d=1942&s=899&y=77
27,BU409,https://academic-calendar.wlu.ca/course.php?c=49857&cal=1&d=1942&s=899&y=77
28,BU410,https://academic-calendar.wlu.ca/course.php?c=49848&cal=1&d=1942&s=899&y=77
29,BU411,https://academic-calendar.wlu.ca/course.php?c=49852&cal=1&d=1942&s=899&y=77
30,BU412,https://academic-calendar.wlu.ca/course.php?c=49792&cal=1&d=1942&s=899&y=77
31,BU413,https://academic-calendar.wlu.ca/course.php?c=49793&cal=1&d=1942&s=899&y=77
32,BU414,https://academic-calendar.wlu.ca/course.php?c=49841&cal=1&d=1942&s=899&y=77
33,BU415,https://academic-calendar.wlu.ca/course.php?c=49794&cal=1&d=1942&s=899&y=77
34,BU416,https://academic-calendar.wlu.ca/course.php?c=49844&cal=1&d=1942&s=899&y=77
35,BU417,https://academic-calendar.wlu.ca/course.php?c=49795&cal=1&d=1942&s=899&y=77
36,BU418,https://academic-calendar.wlu.ca/course.php?c=49796&cal=1&d=1942&s=899&y=77
37,BU419,https://academic-calendar.wlu.ca/course.php?c=49797&cal=1&d=1942&s=899&y=77
38,BU421,https://academic-calendar.wlu.ca/course.php?c=49840&cal=1&d=1942&s=899&y=77
39,BU422,https://academic-calendar.wlu.ca/course.php?c=49798&cal=1&d=1942&s=899&y=77
40,BU423,https://academic-calendar.wlu.ca/course.php?c=49799&cal=1&d=1942&s=899&y=77
41,BU425,https://academic-calendar.wlu.ca/course.php?c=49865&cal=1&d=1942&s=899&y=77
42,BU429,https://academic-calendar.wlu.ca/course.php?c=49800&cal=1&d=1942&s=899&y=77
43,BU432,https://academic-calendar.wlu.ca/course.php?c=49801&cal=1&d=1942&s=899&y=77
44,BU433,https://academic-calendar.wlu.ca/course.php?c=49802&cal=1&d=1942&s=899&y=77
45,BU435,https://academic-calendar.wlu.ca/course.php?c=49803&cal=1&d=1942&s=899&y=77
46,BU442,https://academic-calendar.wlu.ca/course.php?c=49858&cal=1&d=1942&s=899&y=77
47,BU443,https://academic-calendar.wlu.ca/course.php?c=49804&cal=1&d=1942&s=899&y=77
48,BU445,https://academic-calendar.wlu.ca/course.php?c=49805&cal=1&d=1942&s=899&y=77
49,BU447,https://academic-calendar.wlu.ca/course.php?c=49806&cal=1&d=1942&s=899&y=77
50,BU448,https://academic-calendar.wlu.ca/course.php?c=49842&cal=1&d=1942&s=899&y=77
51,BU449,https://academic-calendar.wlu.ca/course.php?c=49853&cal=1&d=1942&s=899&y=77
52,BU451,https://academic-calendar.wlu.ca/course.php?c=49807&cal=1&d=1942&s=899&y=77
53,BU452,https://academic-calendar.wlu.ca/course.php?c=49808&cal=1&d=1942&s=899&y=77
54,BU453,https://academic-calendar.wlu.ca/course.php?c=49809&cal=1&d=1942&s=899&y=77
55,BU455,https://academic-calendar.wlu.ca/course.php?c=49810&cal=1&d=1942&s=899&y=77
56,BU459,https://academic-calendar.wlu.ca/course.php?c=49859&cal=1&d=1942&s=899&y=77
57,BU460,https://academic-calendar.wlu.ca/course.php?c=49855&cal=1&d=1942&s=899&y=77
58,BU461,https://academic-calendar.wlu.ca/course.php?c=49811&cal=1&d=1942&s=899&y=77
59,BU462,https://academic-calendar.wlu.ca/course.php?c=49812&cal=1&d=1942&s=899&y=77
60,BU463,https://academic-calendar.wlu.ca/course.php?c=49813&cal=1&d=1942&s=899&y=77
61,BU464,https://academic-calendar.wlu.ca/course.php?c=49814&cal=1&d=1942&s=899&y=77
62,BU466,https://academic-calendar.wlu.ca/course.php?c=49815&cal=1&d=1942&s=899&y=77
63,BU467,https://academic-calendar.wlu.ca/course.php?c=49816&cal=1&d=1942&s=899&y=77
64,BU468,https://academic-calendar.wlu.ca/course.php?c=49817&cal=1&d=1942&s=899&y=77
65,BU469,https://academic-calendar.wlu.ca/course.php?c=49818&cal=1&d=1942&s=899&y=77
66,BU470,https://academic-calendar.wlu.ca/course.php?c=49843&cal=1&d=1942&s=899&y=77
67,BU471,https://academic-calendar.wlu.ca/course.php?c=49819&cal=1&d=1942&s=899&y=77
68,BU472,https://academic-calendar.wlu.ca/course.php?c=49820&cal=1&d=1942&s=899&y=77
69,BU473,https://academic-calendar.wlu.ca/course.php?c=49821&cal=1&d=1942&s=899&y=77
70,BU474,https://academic-calendar.wlu.ca/course.php?c=49822&cal=1&d=1942&s=899&y=77
71,BU477,https://academic-calendar.wlu.ca/course.php?c=49824&cal=1&d=1942&s=899&y=77
72,BU479,https://academic-calendar.wlu.ca/course.php?c=49825&cal=1&d=1942&s=899&y=77
73,BU480,https://academic-calendar.wlu.ca/course.php?c=49826&cal=1&d=1942&s=899&y=77
74,BU481,https://academic-calendar.wlu.ca/course.php?c=49827&cal=1&d=1942&s=899&y=77
75,BU482,https://academic-calendar.wlu.ca/course.php?c=49828&cal=1&d=1942&s=899&y=77
76,BU483,https://academic-calendar.wlu.ca/course.php?c=49829&cal=1&d=1942&s=899&y=77
77,BU485,https://academic-calendar.wlu.ca/course.php?c=49830&cal=1&d=1942&s=899&y=77
78,BU486,https://academic-calendar.wlu.ca/course.php?c=49846&cal=1&d=1942&s=899&y=77
79,BU487,https://academic-calendar.wlu.ca/course.php?c=49831&cal=1&d=1942&s=899&y=77
80,BU488,https://academic-calendar.wlu.ca/course.php?c=49832&cal=1&d=1942&s=899&y=77
81,BU489,https://academic-calendar.wlu.ca/course.php?c=49845&cal=1&d=1942&s=899&y=77
82,BU490,https://academic-calendar.wlu.ca/course.php?c=49849&cal=1&d=1942&s=899&y=77
83,BU491,https://academic-calendar.wlu.ca/course.php?c=49833&cal=1&d=1942&s=899&y=77
84,BU492,https://academic-calendar.wlu.ca/course.php?c=49834&cal=1&d=1942&s=899&y=77
85,BU493,https://academic-calendar.wlu.ca/course.php?c=49835&cal=1&d=1942&s=899&y=77
86,BU495,https://academic-calendar.wlu.ca/course.php?c=49836&cal=1&d=1942&s=899&y=77
87,BU496,https://academic-calendar.wlu.ca/course.php?c=49837&cal=1&d=1942&s=899&y=77
88,BU497,https://academic-calendar.wlu.ca/course.php?c=49838&cal=1&d=1942&s=899&y=77
89,BU498,https://academic-calendar.wlu.ca/course.php?c=49839&cal=1&d=1942&s=899&y=77
90,BU499,https://academic-calendar.wlu.ca/course.php?c=49850&cal=1&d=1942&s=899&y=77
91,[1],https://academic-calendar.wlu.ca/#se_1
92,CH110,https://academic-calendar.wlu.ca/course.php?c=63842&cal=1&d=2575&s=1034&y=85
93,CH111,https://academic-calendar.wlu.ca/course.php?c=63843&cal=1&d=2575&s=1034&y=85
94,CH120,https://academic-calendar.wlu.ca/course.php?c=63844&cal=1&d=2575&s=1034&y=85
95,CH121,https://academic-calendar.wlu.ca/course.php?c=63845&cal=1&d=2575&s=1034&y=85
96,CH130,https://academic-calendar.wlu.ca/course.php?c=63877&cal=1&d=2575&s=1034&y=85
97,CH131,https://academic-calendar.wlu.ca/course.php?c=63895&cal=1&d=2575&s=1034&y=85
98,CH202,https://academic-calendar.wlu.ca/course.php?c=63846&cal=1&d=2575&s=1034&y=85
99,CH203,https://academic-calendar.wlu.ca/course.php?c=63847&cal=1&d=2575&s=1034&y=85
100,CH204,https://academic-calendar.wlu.ca/course.php?c=63848&cal=1&d=2575&s=1034&y=85
101,CH205,https://academic-calendar.wlu.ca/course.php?c=63849&cal=1&d=2575&s=1034&y=85
102,CH206,https://academic-calendar.wlu.ca/course.php?c=63896&cal=1&d=2575&s=1034&y=85
103,CH207,https://academic-calendar.wlu.ca/course.php?c=63897&cal=1&d=2575&s=1034&y=85
104,CH212,https://academic-calendar.wlu.ca/course.php?c=63850&cal=1&d=2575&s=1034&y=85
105,CH213,https://academic-calendar.wlu.ca/course.php?c=63851&cal=1&d=2575&s=1034&y=85
106,CH215,https://academic-calendar.wlu.ca/course.php?c=63852&cal=1&d=2575&s=1034&y=85
107,CH225,https://academic-calendar.wlu.ca/course.php?c=63853&cal=1&d=2575&s=1034&y=85
108,CH226,https://academic-calendar.wlu.ca/course.php?c=63854&cal=1&d=2575&s=1034&y=85
109,CH233,https://academic-calendar.wlu.ca/course.php?c=63855&cal=1&d=2575&s=1034&y=85
110,CH234,https://academic-calendar.wlu.ca/course.php?c=63856&cal=1&d=2575&s=1034&y=85
111,CH250,https://academic-calendar.wlu.ca/course.php?c=63858&cal=1&d=2575&s=1034&y=85
112,CH261,https://academic-calendar.wlu.ca/course.php?c=63889&cal=1&d=2575&s=1034&y=85
113,CH262,https://academic-calendar.wlu.ca/course.php?c=63890&cal=1&d=2575&s=1034&y=85
114,CH301,https://academic-calendar.wlu.ca/course.php?c=63859&cal=1&d=2575&s=1034&y=85
115,CH302,https://academic-calendar.wlu.ca/course.php?c=63893&cal=1&d=2575&s=1034&y=85
116,CH303,https://academic-calendar.wlu.ca/course.php?c=63860&cal=1&d=2575&s=1034&y=85
117,CH306,https://academic-calendar.wlu.ca/course.php?c=63861&cal=1&d=2575&s=1034&y=85
118,CH313,https://academic-calendar.wlu.ca/course.php?c=63862&cal=1&d=2575&s=1034&y=85
119,CH327,https://academic-calendar.wlu.ca/course.php?c=63863&cal=1&d=2575&s=1034&y=85
120,CH328,https://academic-calendar.wlu.ca/course.php?c=63864&cal=1&d=2575&s=1034&y=85
121,CH332,https://academic-calendar.wlu.ca/course.php?c=63892&cal=1&d=2575&s=1034&y=85
122,CH340,https://academic-calendar.wlu.ca/course.php?c=63865&cal=1&d=2575&s=1034&y=85
123,CH341,https://academic-calendar.wlu.ca/course.php?c=66169&cal=1&d=2575&s=1034&y=85
124,CH345,https://academic-calendar.wlu.ca/course.php?c=63857&cal=1&d=2575&s=1034&y=85
125,CH350,https://academic-calendar.wlu.ca/course.php?c=63866&cal=1&d=2575&s=1034&y=85
126,CH354,https://academic-calendar.wlu.ca/course.php?c=63869&cal=1&d=2575&s=1034&y=85
127,CH355,https://academic-calendar.wlu.ca/course.php?c=63870&cal=1&d=2575&s=1034&y=85
128,CH356,https://academic-calendar.wlu.ca/course.php?c=63871&cal=1&d=2575&s=1034&y=85
129,CH357,https://academic-calendar.wlu.ca/course.php?c=63867&cal=1&d=2575&s=1034&y=85
130,CH358,https://academic-calendar.wlu.ca/course.php?c=63881&cal=1&d=2575&s=1034&y=85
131,CH360,https://academic-calendar.wlu.ca/course.php?c=63888&cal=1&d=2575&s=1034&y=85
132,CH390,https://academic-calendar.wlu.ca/course.php?c=63887&cal=1&d=2575&s=1034&y=85
133,CH404,https://academic-calendar.wlu.ca/course.php?c=63872&cal=1&d=2575&s=1034&y=85
134,CH419,https://academic-calendar.wlu.ca/course.php?c=63873&cal=1&d=2575&s=1034&y=85
135,CH432,https://academic-calendar.wlu.ca/course.php?c=63874&cal=1&d=2575&s=1034&y=85
136,CH433,https://academic-calendar.wlu.ca/course.php?c=63894&cal=1&d=2575&s=1034&y=85
137,CH440,https://academic-calendar.wlu.ca/course.php?c=63875&cal=1&d=2575&s=1034&y=85
138,CH445,https://academic-calendar.wlu.ca/course.php?c=63891&cal=1&d=2575&s=1034&y=85
139,CH450,https://academic-calendar.wlu.ca/course.php?c=63876&cal=1&d=2575&s=1034&y=85
140,CH452,https://academic-calendar.wlu.ca/course.php?c=63878&cal=1&d=2575&s=1034&y=85
141,CH453,https://academic-calendar.wlu.ca/course.php?c=63879&cal=1&d=2575&s=1034&y=85
142,CH454,https://academic-calendar.wlu.ca/course.php?c=63880&cal=1&d=2575&s=1034&y=85
143,CH456,https://academic-calendar.wlu.ca/course.php?c=63882&cal=1&d=2575&s=1034&y=85
144,CH458,https://academic-calendar.wlu.ca/course.php?c=63883&cal=1&d=2575&s=1034&y=85
145,CH459,https://academic-calendar.wlu.ca/course.php?c=63868&cal=1&d=2575&s=1034&y=85
146,CH480,https://academic-calendar.wlu.ca/course.php?c=63884&cal=1&d=2575&s=1034&y=85
147,CH490,https://academic-calendar.wlu.ca/course.php?c=63885&cal=1&d=2575&s=1034&y=85
148,CH495,https://academic-calendar.wlu.ca/course.php?c=63886&cal=1&d=2575&s=1034&y=85
149,GC101,https://academic-calendar.wlu.ca/course.php?c=64824&cal=1&d=2638&s=1046&y=85
150,GC102,https://academic-calendar.wlu.ca/course.php?c=64834&cal=1&d=2638&s=1046&y=85
151,GC171,https://academic-calendar.wlu.ca/course.php?c=64848&cal=1&d=2638&s=1046&y=85
152,GC201,https://academic-calendar.wlu.ca/course.php?c=64825&cal=1&d=2638&s=1046&y=85
153,GC202,https://academic-calendar.wlu.ca/course.php?c=64826&cal=1&d=2638&s=1046&y=85
154,GC203,https://academic-calendar.wlu.ca/course.php?c=64839&cal=1&d=2638&s=1046&y=85
155,GC204,https://academic-calendar.wlu.ca/course.php?c=64840&cal=1&d=2638&s=1046&y=85
156,GC205,https://academic-calendar.wlu.ca/course.php?c=64856&cal=1&d=2638&s=1046&y=85
157,GC221,https://academic-calendar.wlu.ca/course.php?c=64849&cal=1&d=2638&s=1046&y=85
158,GC223,https://academic-calendar.wlu.ca/course.php?c=66136&cal=1&d=2638&s=1046&y=85
159,GC230,https://academic-calendar.wlu.ca/course.php?c=64857&cal=1&d=2638&s=1046&y=85
160,GC231,https://academic-calendar.wlu.ca/course.php?c=64858&cal=1&d=2638&s=1046&y=85
161,GC232,https://academic-calendar.wlu.ca/course.php?c=64859&cal=1&d=2638&s=1046&y=85
162,GC233,https://academic-calendar.wlu.ca/course.php?c=64860&cal=1&d=2638&s=1046&y=85
163,GC234,https://academic-calendar.wlu.ca/course.php?c=64862&cal=1&d=2638&s=1046&y=85
164,GC235,https://academic-calendar.wlu.ca/course.php?c=64866&cal=1&d=2638&s=1046&y=85
165,GC241,https://academic-calendar.wlu.ca/course.php?c=64850&cal=1&d=2638&s=1046&y=85
166,GC252,https://academic-calendar.wlu.ca/course.php?c=64831&cal=1&d=2638&s=1046&y=85
167,GC270,https://academic-calendar.wlu.ca/course.php?c=64842&cal=1&d=2638&s=1046&y=85
168,GC272,https://academic-calendar.wlu.ca/course.php?c=64863&cal=1&d=2638&s=1046&y=85
169,GC275,https://academic-calendar.wlu.ca/course.php?c=64864&cal=1&d=2638&s=1046&y=85
170,GC280,https://academic-calendar.wlu.ca/course.php?c=64845&cal=1&d=2638&s=1046&y=85
171,GC301,https://academic-calendar.wlu.ca/course.php?c=64835&cal=1&d=2638&s=1046&y=85
172,GC330,https://academic-calendar.wlu.ca/course.php?c=64861&cal=1&d=2638&s=1046&y=85
173,GC341,https://academic-calendar.wlu.ca/course.php?c=64836&cal=1&d=2638&s=1046&y=85
174,GC342,https://academic-calendar.wlu.ca/course.php?c=64837&cal=1&d=2638&s=1046&y=85
175,GC343,https://academic-calendar.wlu.ca/course.php?c=64838&cal=1&d=2638&s=1046&y=85
176,GC345,https://academic-calendar.wlu.ca/course.php?c=64851&cal=1&d=2638&s=1046&y=85
177,GC346,https://academic-calendar.wlu.ca/course.php?c=64847&cal=1&d=2638&s=1046&y=85
178,GC351,https://academic-calendar.wlu.ca/course.php?c=64832&cal=1&d=2638&s=1046&y=85
179,GC352,https://academic-calendar.wlu.ca/course.php?c=64833&cal=1&d=2638&s=1046&y=85
180,GC353,https://academic-calendar.wlu.ca/course.php?c=64830&cal=1&d=2638&s=1046&y=85
181,GC354,https://academic-calendar.wlu.ca/course.php?c=64841&cal=1&d=2638&s=1046&y=85
182,GC355,https://academic-calendar.wlu.ca/course.php?c=64852&cal=1&d=2638&s=1046&y=85
183,GC361,https://academic-calendar.wlu.ca/course.php?c=64853&cal=1&d=2638&s=1046&y=85
184,GC362,https://academic-calendar.wlu.ca/course.php?c=69921&cal=1&d=2638&s=1046&y=85
185,GC372,https://academic-calendar.wlu.ca/course.php?c=64843&cal=1&d=2638&s=1046&y=85
186,GC373,https://academic-calendar.wlu.ca/course.php?c=64854&cal=1&d=2638&s=1046&y=85
187,GC374,https://academic-calendar.wlu.ca/course.php?c=64855&cal=1&d=2638&s=1046&y=85
188,GC378,https://academic-calendar.wlu.ca/course.php?c=64865&cal=1&d=2638&s=1046&y=85
189,GC380,https://academic-calendar.wlu.ca/course.php?c=64844&cal=1&d=2638&s=1046&y=85
190,GC398,https://academic-calendar.wlu.ca/course.php?c=64828&cal=1&d=2638&s=1046&y=85
191,GC399,https://academic-calendar.wlu.ca/course.php?c=64829&cal=1&d=2638&s=1046&y=85
192,GC401,https://academic-calendar.wlu.ca/course.php?c=64827&cal=1&d=2638&s=1046&y=85
193,GC480,https://academic-calendar.wlu.ca/course.php?c=64846&cal=1&d=2638&s=1046&y=85
194,CS100,https://academic-calendar.wlu.ca/course.php?c=62938&cal=1&d=2528&s=1033&y=85
195,CS101,https://academic-calendar.wlu.ca/course.php?c=62939&cal=1&d=2528&s=1033&y=85
196,CS202,https://academic-calendar.wlu.ca/course.php?c=62940&cal=1&d=2528&s=1033&y=85
197,CS203,https://academic-calendar.wlu.ca/course.php?c=62941&cal=1&d=2528&s=1033&y=85
198,CS204,https://academic-calendar.wlu.ca/course.php?c=62945&cal=1&d=2528&s=1033&y=85
199,CS205,https://academic-calendar.wlu.ca/course.php?c=62972&cal=1&d=2528&s=1033&y=85
200,CS206,https://academic-calendar.wlu.ca/course.php?c=62961&cal=1&d=2528&s=1033&y=85
201,CS213,https://academic-calendar.wlu.ca/course.php?c=62942&cal=1&d=2528&s=1033&y=85
202,CS235,https://academic-calendar.wlu.ca/course.php?c=62943&cal=1&d=2528&s=1033&y=85
203,CS250,https://academic-calendar.wlu.ca/course.php?c=62962&cal=1&d=2528&s=1033&y=85
204,CS251,https://academic-calendar.wlu.ca/course.php?c=62944&cal=1&d=2528&s=1033&y=85
205,CS260,https://academic-calendar.wlu.ca/course.php?c=62960&cal=1&d=2528&s=1033&y=85
206,CS288,https://academic-calendar.wlu.ca/course.php?c=62970&cal=1&d=2528&s=1033&y=85
207,CS304,https://academic-calendar.wlu.ca/course.php?c=62946&cal=1&d=2528&s=1033&y=85
208,CS310,https://academic-calendar.wlu.ca/course.php?c=62947&cal=1&d=2528&s=1033&y=85
209,CS312,https://academic-calendar.wlu.ca/course.php?c=62948&cal=1&d=2528&s=1033&y=85
210,CS315,https://academic-calendar.wlu.ca/course.php?c=62949&cal=1&d=2528&s=1033&y=85
211,CS322,https://academic-calendar.wlu.ca/course.php?c=62950&cal=1&d=2528&s=1033&y=85
212,CS325,https://academic-calendar.wlu.ca/course.php?c=62951&cal=1&d=2528&s=1033&y=85
213,CS333,https://academic-calendar.wlu.ca/course.php?c=62952&cal=1&d=2528&s=1033&y=85
214,CS340,https://academic-calendar.wlu.ca/course.php?c=62953&cal=1&d=2528&s=1033&y=85
215,CS341,https://academic-calendar.wlu.ca/course.php?c=62954&cal=1&d=2528&s=1033&y=85
216,CS350,https://academic-calendar.wlu.ca/course.php?c=62955&cal=1&d=2528&s=1033&y=85
217,CS351,https://academic-calendar.wlu.ca/course.php?c=62956&cal=1&d=2528&s=1033&y=85
218,CS352,https://academic-calendar.wlu.ca/course.php?c=62959&cal=1&d=2528&s=1033&y=85
219,CS353,https://academic-calendar.wlu.ca/course.php?c=62963&cal=1&d=2528&s=1033&y=85
220,CS360,https://academic-calendar.wlu.ca/course.php?c=62973&cal=1&d=2528&s=1033&y=85
221,CS371,https://academic-calendar.wlu.ca/course.php?c=62971&cal=1&d=2528&s=1033&y=85
222,CS400,https://academic-calendar.wlu.ca/course.php?c=62957&cal=1&d=2528&s=1033&y=85
223,CS411,https://academic-calendar.wlu.ca/course.php?c=62964&cal=1&d=2528&s=1033&y=85
224,CS412,https://academic-calendar.wlu.ca/course.php?c=62965&cal=1&d=2528&s=1033&y=85
225,CS413,https://academic-calendar.wlu.ca/course.php?c=62966&cal=1&d=2528&s=1033&y=85
226,CS414,https://academic-calendar.wlu.ca/course.php?c=62967&cal=1&d=2528&s=1033&y=85
227,CS415,https://academic-calendar.wlu.ca/course.php?c=62968&cal=1&d=2528&s=1033&y=85
228,CS416,https://academic-calendar.wlu.ca/course.php?c=62969&cal=1&d=2528&s=1033&y=85
229,CS429,https://academic-calendar.wlu.ca/course.php?c=62958&cal=1&d=2528&s=1033&y=85
230,CC100,https://academic-calendar.wlu.ca/course.php?c=64909&cal=1&d=2640&s=1047&y=85
231,CC102,https://academic-calendar.wlu.ca/course.php?c=64946&cal=1&d=2640&s=1047&y=85
232,CC200,https://academic-calendar.wlu.ca/course.php?c=64910&cal=1&d=2640&s=1047&y=85
233,CC202,https://academic-calendar.wlu.ca/course.php?c=64911&cal=1&d=2640&s=1047&y=85
234,CC203,https://academic-calendar.wlu.ca/course.php?c=64912&cal=1&d=2640&s=1047&y=85
235,CC205,https://academic-calendar.wlu.ca/course.php?c=64925&cal=1&d=2640&s=1047&y=85
236,CC209,https://academic-calendar.wlu.ca/course.php?c=64932&cal=1&d=2640&s=1047&y=85
237,CC210,https://academic-calendar.wlu.ca/course.php?c=64926&cal=1&d=2640&s=1047&y=85
238,CC211,https://academic-calendar.wlu.ca/course.php?c=64928&cal=1&d=2640&s=1047&y=85
239,CC212,https://academic-calendar.wlu.ca/course.php?c=64930&cal=1&d=2640&s=1047&y=85
240,CC215,https://academic-calendar.wlu.ca/course.php?c=64936&cal=1&d=2640&s=1047&y=85
241,CC222,https://academic-calendar.wlu.ca/course.php?c=64958&cal=1&d=2640&s=1047&y=85
242,CC233,https://academic-calendar.wlu.ca/course.php?c=64939&cal=1&d=2640&s=1047&y=85
243,CC240,https://academic-calendar.wlu.ca/course.php?c=64905&cal=1&d=2640&s=1047&y=85
244,CC290,https://academic-calendar.wlu.ca/course.php?c=64944&cal=1&d=2640&s=1047&y=85
245,CC291,https://academic-calendar.wlu.ca/course.php?c=64947&cal=1&d=2640&s=1047&y=85
246,CC292,https://academic-calendar.wlu.ca/course.php?c=64948&cal=1&d=2640&s=1047&y=85
247,CC301,https://academic-calendar.wlu.ca/course.php?c=64914&cal=1&d=2640&s=1047&y=85
248,CC302,https://academic-calendar.wlu.ca/course.php?c=64908&cal=1&d=2640&s=1047&y=85
249,CC303,https://academic-calendar.wlu.ca/course.php?c=64915&cal=1&d=2640&s=1047&y=85
250,CC304,https://academic-calendar.wlu.ca/course.php?c=64929&cal=1&d=2640&s=1047&y=85
251,CC306,https://academic-calendar.wlu.ca/course.php?c=64916&cal=1&d=2640&s=1047&y=85
252,CC308,https://academic-calendar.wlu.ca/course.php?c=64917&cal=1&d=2640&s=1047&y=85
253,CC309,https://academic-calendar.wlu.ca/course.php?c=64913&cal=1&d=2640&s=1047&y=85
254,CC310,https://academic-calendar.wlu.ca/course.php?c=64940&cal=1&d=2640&s=1047&y=85
255,CC311,https://academic-calendar.wlu.ca/course.php?c=64918&cal=1&d=2640&s=1047&y=85
256,CC312,https://academic-calendar.wlu.ca/course.php?c=64921&cal=1&d=2640&s=1047&y=85
257,CC313,https://academic-calendar.wlu.ca/course.php?c=64923&cal=1&d=2640&s=1047&y=85
258,CC314,https://academic-calendar.wlu.ca/course.php?c=64924&cal=1&d=2640&s=1047&y=85
259,CC315,https://academic-calendar.wlu.ca/course.php?c=64935&cal=1&d=2640&s=1047&y=85
260,CC316,https://academic-calendar.wlu.ca/course.php?c=64937&cal=1&d=2640&s=1047&y=85
261,CC317,https://academic-calendar.wlu.ca/course.php?c=64954&cal=1&d=2640&s=1047&y=85
262,CC318,https://academic-calendar.wlu.ca/course.php?c=64931&cal=1&d=2640&s=1047&y=85
263,CC319,https://academic-calendar.wlu.ca/course.php?c=64938&cal=1&d=2640&s=1047&y=85
264,CC324,https://academic-calendar.wlu.ca/course.php?c=64907&cal=1&d=2640&s=1047&y=85
265,CC325,https://academic-calendar.wlu.ca/course.php?c=64933&cal=1&d=2640&s=1047&y=85
266,CC326,https://academic-calendar.wlu.ca/course.php?c=64934&cal=1&d=2640&s=1047&y=85
267,CC327,https://academic-calendar.wlu.ca/course.php?c=64941&cal=1&d=2640&s=1047&y=85
268,CC390,https://academic-calendar.wlu.ca/course.php?c=64945&cal=1&d=2640&s=1047&y=85
269,CC401,https://academic-calendar.wlu.ca/course.php?c=64919&cal=1&d=2640&s=1047&y=85
270,CC404,https://academic-calendar.wlu.ca/course.php?c=64920&cal=1&d=2640&s=1047&y=85
271,CC407,https://academic-calendar.wlu.ca/course.php?c=64955&cal=1&d=2640&s=1047&y=85
272,CC408,https://academic-calendar.wlu.ca/course.php?c=64956&cal=1&d=2640&s=1047&y=85
273,CC409,https://academic-calendar.wlu.ca/course.php?c=64903&cal=1&d=2640&s=1047&y=85
274,CC410,https://academic-calendar.wlu.ca/course.php?c=64922&cal=1&d=2640&s=1047&y=85
275,CC411,https://academic-calendar.wlu.ca/course.php?c=64951&cal=1&d=2640&s=1047&y=85
276,CC412,https://academic-calendar.wlu.ca/course.php?c=64952&cal=1&d=2640&s=1047&y=85
277,CC413,https://academic-calendar.wlu.ca/course.php?c=64953&cal=1&d=2640&s=1047&y=85
278,CC415,https://academic-calendar.wlu.ca/course.php?c=64949&cal=1&d=2640&s=1047&y=85
279,CC416,https://academic-calendar.wlu.ca/course.php?c=64950&cal=1&d=2640&s=1047&y=85
280,CC420,https://academic-calendar.wlu.ca/course.php?c=64927&cal=1&d=2640&s=1047&y=85
281,CC425,https://academic-calendar.wlu.ca/course.php?c=64943&cal=1&d=2640&s=1047&y=85
282,CC426,https://academic-calendar.wlu.ca/course.php?c=64942&cal=1&d=2640&s=1047&y=85
283,CC430,https://academic-calendar.wlu.ca/course.php?c=64904&cal=1&d=2640&s=1047&y=85
284,CC440,https://academic-calendar.wlu.ca/course.php?c=64906&cal=1&d=2640&s=1047&y=85
285,CC499,https://academic-calendar.wlu.ca/course.php?c=64957&cal=1&d=2640&s=1047&y=85
286,KS100,https://academic-calendar.wlu.ca/course.php?c=62974&cal=1&d=2529&s=1033&y=85
287,KS101,https://academic-calendar.wlu.ca/course.php?c=62975&cal=1&d=2529&s=1033&y=85
288,KS203,https://academic-calendar.wlu.ca/course.php?c=62981&cal=1&d=2529&s=1033&y=85
289,KS205,https://academic-calendar.wlu.ca/course.php?c=62976&cal=1&d=2529&s=1033&y=85
290,KS210,https://academic-calendar.wlu.ca/course.php?c=62980&cal=1&d=2529&s=1033&y=85
291,KS215,https://academic-calendar.wlu.ca/course.php?c=62983&cal=1&d=2529&s=1033&y=85
292,KS220,https://academic-calendar.wlu.ca/course.php?c=62984&cal=1&d=2529&s=1033&y=85
293,KS303,https://academic-calendar.wlu.ca/course.php?c=62982&cal=1&d=2529&s=1033&y=85
294,KS330,https://academic-calendar.wlu.ca/course.php?c=62985&cal=1&d=2529&s=1033&y=85
295,KS340,https://academic-calendar.wlu.ca/course.php?c=62977&cal=1&d=2529&s=1033&y=85
296,KS400,https://academic-calendar.wlu.ca/course.php?c=62979&cal=1&d=2529&s=1033&y=85
297,KS450,https://academic-calendar.wlu.ca/course.php?c=62978&cal=1&d=2529&s=1033&y=85
298,ID100,https://academic-calendar.wlu.ca/course.php?c=64221&cal=1&d=2595&s=1035&y=85
299,ID120,https://academic-calendar.wlu.ca/course.php?c=64210&cal=1&d=2595&s=1035&y=85
300,ID201,https://academic-calendar.wlu.ca/course.php?c=64211&cal=1&d=2595&s=1035&y=85
301,ID202,https://academic-calendar.wlu.ca/course.php?c=64222&cal=1&d=2595&s=1035&y=85
302,ID205,https://academic-calendar.wlu.ca/course.php?c=64208&cal=1&d=2595&s=1035&y=85
303,ID207,https://academic-calendar.wlu.ca/course.php?c=64212&cal=1&d=2595&s=1035&y=85
304,ID208,https://academic-calendar.wlu.ca/course.php?c=64228&cal=1&d=2595&s=1035&y=85
305,ID227,https://academic-calendar.wlu.ca/course.php?c=64213&cal=1&d=2595&s=1035&y=85
306,ID230,https://academic-calendar.wlu.ca/course.php?c=64226&cal=1&d=2595&s=1035&y=85
307,ID301,https://academic-calendar.wlu.ca/course.php?c=64216&cal=1&d=2595&s=1035&y=85
308,ID302,https://academic-calendar.wlu.ca/course.php?c=64229&cal=1&d=2595&s=1035&y=85
309,ID303,https://academic-calendar.wlu.ca/course.php?c=64214&cal=1&d=2595&s=1035&y=85
310,ID309,https://academic-calendar.wlu.ca/course.php?c=64220&cal=1&d=2595&s=1035&y=85
311,ID330,https://academic-calendar.wlu.ca/course.php?c=64227&cal=1&d=2595&s=1035&y=85
312,ID350,https://academic-calendar.wlu.ca/course.php?c=64215&cal=1&d=2595&s=1035&y=85
313,ID360,https://academic-calendar.wlu.ca/course.php?c=64217&cal=1&d=2595&s=1035&y=85
314,ID375,https://academic-calendar.wlu.ca/course.php?c=64218&cal=1&d=2595&s=1035&y=85
315,ID386,https://academic-calendar.wlu.ca/course.php?c=64209&cal=1&d=2595&s=1035&y=85
316,ID400,https://academic-calendar.wlu.ca/course.php?c=64219&cal=1&d=2595&s=1035&y=85
317,ID401,https://academic-calendar.wlu.ca/course.php?c=64230&cal=1&d=2595&s=1035&y=85
318,ID402,https://academic-calendar.wlu.ca/course.php?c=64223&cal=1&d=2595&s=1035&y=85
319,ID405,https://academic-calendar.wlu.ca/course.php?c=64224&cal=1&d=2595&s=1035&y=85
320,ID410,https://academic-calendar.wlu.ca/course.php?c=64225&cal=1&d=2595&s=1035&y=85
321,ID430,https://academic-calendar.wlu.ca/course.php?c=64231&cal=1&d=2595&s=1035&y=85
322,KP100,https://academic-calendar.wlu.ca/course.php?c=63979&cal=1&d=2577&s=1034&y=85
323,KP112,https://academic-calendar.wlu.ca/course.php?c=63952&cal=1&d=2577&s=1034&y=85
324,KP115,https://academic-calendar.wlu.ca/course.php?c=63975&cal=1&d=2577&s=1034&y=85
325,KP118,https://academic-calendar.wlu.ca/course.php?c=63953&cal=1&d=2577&s=1034&y=85
326,KP141,https://academic-calendar.wlu.ca/course.php?c=63977&cal=1&d=2577&s=1034&y=85
327,KP161,https://academic-calendar.wlu.ca/course.php?c=63976&cal=1&d=2577&s=1034&y=85
328,KP181,https://academic-calendar.wlu.ca/course.php?c=63978&cal=1&d=2577&s=1034&y=85
329,KP200,https://academic-calendar.wlu.ca/course.php?c=63972&cal=1&d=2577&s=1034&y=85
330,KP201,https://academic-calendar.wlu.ca/course.php?c=63973&cal=1&d=2577&s=1034&y=85
331,KP202,https://academic-calendar.wlu.ca/course.php?c=63983&cal=1&d=2577&s=1034&y=85
332,KP211,https://academic-calendar.wlu.ca/course.php?c=63954&cal=1&d=2577&s=1034&y=85
333,KP217,https://academic-calendar.wlu.ca/course.php?c=63980&cal=1&d=2577&s=1034&y=85
334,KP218,https://academic-calendar.wlu.ca/course.php?c=63981&cal=1&d=2577&s=1034&y=85
335,KP219,https://academic-calendar.wlu.ca/course.php?c=63982&cal=1&d=2577&s=1034&y=85
336,KP221,https://academic-calendar.wlu.ca/course.php?c=63956&cal=1&d=2577&s=1034&y=85
337,KP222,https://academic-calendar.wlu.ca/course.php?c=63955&cal=1&d=2577&s=1034&y=85
338,KP231,https://academic-calendar.wlu.ca/course.php?c=63957&cal=1&d=2577&s=1034&y=85
339,KP251,https://academic-calendar.wlu.ca/course.php?c=63987&cal=1&d=2577&s=1034&y=85
340,KP290,https://academic-calendar.wlu.ca/course.php?c=63991&cal=1&d=2577&s=1034&y=85
341,KP300,https://academic-calendar.wlu.ca/course.php?c=63974&cal=1&d=2577&s=1034&y=85
342,KP311,https://academic-calendar.wlu.ca/course.php?c=63950&cal=1&d=2577&s=1034&y=85
343,KP322,https://academic-calendar.wlu.ca/course.php?c=63961&cal=1&d=2577&s=1034&y=85
344,KP331,https://academic-calendar.wlu.ca/course.php?c=63990&cal=1&d=2577&s=1034&y=85
345,KP332,https://academic-calendar.wlu.ca/course.php?c=63963&cal=1&d=2577&s=1034&y=85
346,KP340,https://academic-calendar.wlu.ca/course.php?c=63964&cal=1&d=2577&s=1034&y=85
347,KP341,https://academic-calendar.wlu.ca/course.php?c=63965&cal=1&d=2577&s=1034&y=85
348,KP342,https://academic-calendar.wlu.ca/course.php?c=63966&cal=1&d=2577&s=1034&y=85
349,KP343,https://academic-calendar.wlu.ca/course.php?c=63951&cal=1&d=2577&s=1034&y=85
350,KP344,https://academic-calendar.wlu.ca/course.php?c=63958&cal=1&d=2577&s=1034&y=85
351,KP345,https://academic-calendar.wlu.ca/course.php?c=64009&cal=1&d=2577&s=1034&y=85
352,KP351,https://academic-calendar.wlu.ca/course.php?c=63967&cal=1&d=2577&s=1034&y=85
353,KP361,https://academic-calendar.wlu.ca/course.php?c=63968&cal=1&d=2577&s=1034&y=85
354,KP371,https://academic-calendar.wlu.ca/course.php?c=63969&cal=1&d=2577&s=1034&y=85
355,KP381,https://academic-calendar.wlu.ca/course.php?c=63988&cal=1&d=2577&s=1034&y=85
356,KP390,https://academic-calendar.wlu.ca/course.php?c=63959&cal=1&d=2577&s=1034&y=85
357,KP422,https://academic-calendar.wlu.ca/course.php?c=63970&cal=1&d=2577&s=1034&y=85
358,KP425,https://academic-calendar.wlu.ca/course.php?c=63985&cal=1&d=2577&s=1034&y=85
359,KP426,https://academic-calendar.wlu.ca/course.php?c=63962&cal=1&d=2577&s=1034&y=85
360,KP431,https://academic-calendar.wlu.ca/course.php?c=63986&cal=1&d=2577&s=1034&y=85
361,KP434,https://academic-calendar.wlu.ca/course.php?c=63998&cal=1&d=2577&s=1034&y=85
362,KP435,https://academic-calendar.wlu.ca/course.php?c=63999&cal=1&d=2577&s=1034&y=85
363,KP441,https://academic-calendar.wlu.ca/course.php?c=63992&cal=1&d=2577&s=1034&y=85
364,KP442,https://academic-calendar.wlu.ca/course.php?c=63993&cal=1&d=2577&s=1034&y=85
365,KP443,https://academic-calendar.wlu.ca/course.php?c=64000&cal=1&d=2577&s=1034&y=85
366,KP451,https://academic-calendar.wlu.ca/course.php?c=64001&cal=1&d=2577&s=1034&y=85
367,KP452,https://academic-calendar.wlu.ca/course.php?c=64002&cal=1&d=2577&s=1034&y=85
368,KP460,https://academic-calendar.wlu.ca/course.php?c=63994&cal=1&d=2577&s=1034&y=85
369,KP462,https://academic-calendar.wlu.ca/course.php?c=64003&cal=1&d=2577&s=1034&y=85
370,KP463,https://academic-calendar.wlu.ca/course.php?c=64004&cal=1&d=2577&s=1034&y=85
371,KP464,https://academic-calendar.wlu.ca/course.php?c=64005&cal=1&d=2577&s=1034&y=85
372,KP465,https://academic-calendar.wlu.ca/course.php?c=64006&cal=1&d=2577&s=1034&y=85
373,KP466,https://academic-calendar.wlu.ca/course.php?c=63996&cal=1&d=2577&s=1034&y=85
374,KP471,https://academic-calendar.wlu.ca/course.php?c=64007&cal=1&d=2577&s=1034&y=85
375,KP472,https://academic-calendar.wlu.ca/course.php?c=63960&cal=1&d=2577&s=1034&y=85
376,KP481,https://academic-calendar.wlu.ca/course.php?c=63989&cal=1&d=2577&s=1034&y=85
377,KP482,https://academic-calendar.wlu.ca/course.php?c=63997&cal=1&d=2577&s=1034&y=85
378,KP483,https://academic-calendar.wlu.ca/course.php?c=64008&cal=1&d=2577&s=1034&y=85
379,KP484,https://academic-calendar.wlu.ca/course.php?c=63995&cal=1&d=2577&s=1034&y=85
380,KP490,https://academic-calendar.wlu.ca/course.php?c=63971&cal=1&d=2577&s=1034&y=85
381,KP491,https://academic-calendar.wlu.ca/course.php?c=63984&cal=1&d=2577&s=1034&y=85
382,OL101,https://academic-calendar.wlu.ca/course.php?c=64867&cal=1&d=2639&s=1047&y=85
383,OL140,https://academic-calendar.wlu.ca/course.php?c=64868&cal=1&d=2639&s=1047&y=85
384,OL200,https://academic-calendar.wlu.ca/course.php?c=64894&cal=1&d=2639&s=1047&y=85
385,OL201,https://academic-calendar.wlu.ca/course.php?c=64895&cal=1&d=2639&s=1047&y=85
386,OL202,https://academic-calendar.wlu.ca/course.php?c=64896&cal=1&d=2639&s=1047&y=85
387,OL224,https://academic-calendar.wlu.ca/course.php?c=64889&cal=1&d=2639&s=1047&y=85
388,OL233,https://academic-calendar.wlu.ca/course.php?c=64869&cal=1&d=2639&s=1047&y=85
389,OL251,https://academic-calendar.wlu.ca/course.php?c=64879&cal=1&d=2639&s=1047&y=85
390,OL260,https://academic-calendar.wlu.ca/course.php?c=64871&cal=1&d=2639&s=1047&y=85
391,OL270,https://academic-calendar.wlu.ca/course.php?c=66159&cal=1&d=2639&s=1047&y=85
392,OL298,https://academic-calendar.wlu.ca/course.php?c=64900&cal=1&d=2639&s=1047&y=85
393,OL300,https://academic-calendar.wlu.ca/course.php?c=64872&cal=1&d=2639&s=1047&y=85
394,OL301,https://academic-calendar.wlu.ca/course.php?c=64888&cal=1&d=2639&s=1047&y=85
395,OL311,https://academic-calendar.wlu.ca/course.php?c=64874&cal=1&d=2639&s=1047&y=85
396,OL313,https://academic-calendar.wlu.ca/course.php?c=64892&cal=1&d=2639&s=1047&y=85
397,OL314,https://academic-calendar.wlu.ca/course.php?c=64893&cal=1&d=2639&s=1047&y=85
398,OL315,https://academic-calendar.wlu.ca/course.php?c=64891&cal=1&d=2639&s=1047&y=85
399,OL322,https://academic-calendar.wlu.ca/course.php?c=64877&cal=1&d=2639&s=1047&y=85
400,OL327,https://academic-calendar.wlu.ca/course.php?c=64880&cal=1&d=2639&s=1047&y=85
401,OL340,https://academic-calendar.wlu.ca/course.php?c=64878&cal=1&d=2639&s=1047&y=85
402,OL365,https://academic-calendar.wlu.ca/course.php?c=64881&cal=1&d=2639&s=1047&y=85
403,OL370,https://academic-calendar.wlu.ca/course.php?c=64882&cal=1&d=2639&s=1047&y=85
404,OL380,https://academic-calendar.wlu.ca/course.php?c=64886&cal=1&d=2639&s=1047&y=85
405,OL401,https://academic-calendar.wlu.ca/course.php?c=64901&cal=1&d=2639&s=1047&y=85
406,OL410,https://academic-calendar.wlu.ca/course.php?c=64883&cal=1&d=2639&s=1047&y=85
407,OL430,https://academic-calendar.wlu.ca/course.php?c=64884&cal=1&d=2639&s=1047&y=85
408,OL481,https://academic-calendar.wlu.ca/course.php?c=64897&cal=1&d=2639&s=1047&y=85
409,OL485,https://academic-calendar.wlu.ca/course.php?c=64899&cal=1&d=2639&s=1047&y=85
410,MX207,https://academic-calendar.wlu.ca/course.php?c=64303&cal=1&d=2605&s=1035&y=85
411,MX211,https://academic-calendar.wlu.ca/course.php?c=64299&cal=1&d=2605&s=1035&y=85
412,MX222,https://academic-calendar.wlu.ca/course.php?c=64305&cal=1&d=2605&s=1035&y=85
413,MX226,https://academic-calendar.wlu.ca/course.php?c=64301&cal=1&d=2605&s=1035&y=85
414,MX311,https://academic-calendar.wlu.ca/course.php?c=64302&cal=1&d=2605&s=1035&y=85
415,MX327,https://academic-calendar.wlu.ca/course.php?c=64304&cal=1&d=2605&s=1035&y=85
416,MX380,https://academic-calendar.wlu.ca/course.php?c=64300&cal=1&d=2605&s=1035&y=85
417,ML100,https://academic-calendar.wlu.ca/course.php?c=63489&cal=1&d=2539&s=1033&y=85
418,ML101,https://academic-calendar.wlu.ca/course.php?c=63496&cal=1&d=2539&s=1033&y=85
419,ML103,https://academic-calendar.wlu.ca/course.php?c=63485&cal=1&d=2539&s=1033&y=85
420,ML104,https://academic-calendar.wlu.ca/course.php?c=66144&cal=1&d=2539&s=1033&y=85
421,ML200,https://academic-calendar.wlu.ca/course.php?c=63498&cal=1&d=2539&s=1033&y=85
422,ML201,https://academic-calendar.wlu.ca/course.php?c=63490&cal=1&d=2539&s=1033&y=85
423,ML202,https://academic-calendar.wlu.ca/course.php?c=63491&cal=1&d=2539&s=1033&y=85
424,ML288,https://academic-calendar.wlu.ca/course.php?c=63500&cal=1&d=2539&s=1033&y=85
425,ML300,https://academic-calendar.wlu.ca/course.php?c=63492&cal=1&d=2539&s=1033&y=85
426,ML301,https://academic-calendar.wlu.ca/course.php?c=63495&cal=1&d=2539&s=1033&y=85
427,ML302,https://academic-calendar.wlu.ca/course.php?c=63502&cal=1&d=2539&s=1033&y=85
428,ML303,https://academic-calendar.wlu.ca/course.php?c=63486&cal=1&d=2539&s=1033&y=85
429,ML304,https://academic-calendar.wlu.ca/course.php?c=63487&cal=1&d=2539&s=1033&y=85
430,ML305,https://academic-calendar.wlu.ca/course.php?c=63488&cal=1&d=2539&s=1033&y=85
431,ML306,https://academic-calendar.wlu.ca/course.php?c=63503&cal=1&d=2539&s=1033&y=85
432,ML388,https://academic-calendar.wlu.ca/course.php?c=63501&cal=1&d=2539&s=1033&y=85
433,ML400,https://academic-calendar.wlu.ca/course.php?c=63493&cal=1&d=2539&s=1033&y=85
434,ML402,https://academic-calendar.wlu.ca/course.php?c=63499&cal=1&d=2539&s=1033&y=85
435,ML499,https://academic-calendar.wlu.ca/course.php?c=63494&cal=1&d=2539&s=1033&y=85
436,PP110,https://academic-calendar.wlu.ca/course.php?c=62529&cal=1&d=2519&s=1033&y=85
437,PP111,https://academic-calendar.wlu.ca/course.php?c=62530&cal=1&d=2519&s=1033&y=85
438,PP201,https://academic-calendar.wlu.ca/course.php?c=62531&cal=1&d=2519&s=1033&y=85
439,PP203,https://academic-calendar.wlu.ca/course.php?c=62532&cal=1&d=2519&s=1033&y=85
440,PP204,https://academic-calendar.wlu.ca/course.php?c=62533&cal=1&d=2519&s=1033&y=85
441,PP207,https://academic-calendar.wlu.ca/course.php?c=62534&cal=1&d=2519&s=1033&y=85
442,PP209,https://academic-calendar.wlu.ca/course.php?c=62535&cal=1&d=2519&s=1033&y=85
443,PP213,https://academic-calendar.wlu.ca/course.php?c=62536&cal=1&d=2519&s=1033&y=85
444,PP214,https://academic-calendar.wlu.ca/course.php?c=62537&cal=1&d=2519&s=1033&y=85
445,PP215,https://academic-calendar.wlu.ca/course.php?c=62538&cal=1&d=2519&s=1033&y=85
446,PP216,https://academic-calendar.wlu.ca/course.php?c=62539&cal=1&d=2519&s=1033&y=85
447,PP217,https://academic-calendar.wlu.ca/course.php?c=62540&cal=1&d=2519&s=1033&y=85
448,PP218,https://academic-calendar.wlu.ca/course.php?c=62541&cal=1&d=2519&s=1033&y=85
449,PP219,https://academic-calendar.wlu.ca/course.php?c=62566&cal=1&d=2519&s=1033&y=85
450,PP220,https://academic-calendar.wlu.ca/course.php?c=62565&cal=1&d=2519&s=1033&y=85
451,PP223,https://academic-calendar.wlu.ca/course.php?c=62542&cal=1&d=2519&s=1033&y=85
452,PP224,https://academic-calendar.wlu.ca/course.php?c=62543&cal=1&d=2519&s=1033&y=85
453,PP225,https://academic-calendar.wlu.ca/course.php?c=62544&cal=1&d=2519&s=1033&y=85
454,PP226,https://academic-calendar.wlu.ca/course.php?c=62545&cal=1&d=2519&s=1033&y=85
455,PP229,https://academic-calendar.wlu.ca/course.php?c=62546&cal=1&d=2519&s=1033&y=85
456,PP230,https://academic-calendar.wlu.ca/course.php?c=62547&cal=1&d=2519&s=1033&y=85
457,PP233,https://academic-calendar.wlu.ca/course.php?c=62548&cal=1&d=2519&s=1033&y=85
458,PP240,https://academic-calendar.wlu.ca/course.php?c=62549&cal=1&d=2519&s=1033&y=85
459,PP247,https://academic-calendar.wlu.ca/course.php?c=62550&cal=1&d=2519&s=1033&y=85
460,PP249,https://academic-calendar.wlu.ca/course.php?c=62551&cal=1&d=2519&s=1033&y=85
461,PP253,https://academic-calendar.wlu.ca/course.php?c=62568&cal=1&d=2519&s=1033&y=85
462,PP256,https://academic-calendar.wlu.ca/course.php?c=62552&cal=1&d=2519&s=1033&y=85
463,PP259,https://academic-calendar.wlu.ca/course.php?c=62553&cal=1&d=2519&s=1033&y=85
464,PP261,https://academic-calendar.wlu.ca/course.php?c=62554&cal=1&d=2519&s=1033&y=85
465,PP262,https://academic-calendar.wlu.ca/course.php?c=62555&cal=1&d=2519&s=1033&y=85
466,PP263,https://academic-calendar.wlu.ca/course.php?c=62556&cal=1&d=2519&s=1033&y=85
467,PP264,https://academic-calendar.wlu.ca/course.php?c=62557&cal=1&d=2519&s=1033&y=85
468,PP270,https://academic-calendar.wlu.ca/course.php?c=62567&cal=1&d=2519&s=1033&y=85
469,PP350,https://academic-calendar.wlu.ca/course.php?c=62558&cal=1&d=2519&s=1033&y=85
470,PP352,https://academic-calendar.wlu.ca/course.php?c=66145&cal=1&d=2519&s=1033&y=85
471,PP370,https://academic-calendar.wlu.ca/course.php?c=62559&cal=1&d=2519&s=1033&y=85
472,PP371,https://academic-calendar.wlu.ca/course.php?c=66146&cal=1&d=2519&s=1033&y=85
473,PP372,https://academic-calendar.wlu.ca/course.php?c=66147&cal=1&d=2519&s=1033&y=85
474,PP380,https://academic-calendar.wlu.ca/course.php?c=62560&cal=1&d=2519&s=1033&y=85
475,PP381,https://academic-calendar.wlu.ca/course.php?c=66148&cal=1&d=2519&s=1033&y=85
476,PP386,https://academic-calendar.wlu.ca/course.php?c=66149&cal=1&d=2519&s=1033&y=85
477,PP450,https://academic-calendar.wlu.ca/course.php?c=62561&cal=1&d=2519&s=1033&y=85
478,PP451,https://academic-calendar.wlu.ca/course.php?c=66150&cal=1&d=2519&s=1033&y=85
479,PP452,https://academic-calendar.wlu.ca/course.php?c=66151&cal=1&d=2519&s=1033&y=85
480,PP470,https://academic-calendar.wlu.ca/course.php?c=62562&cal=1&d=2519&s=1033&y=85
481,PP472,https://academic-calendar.wlu.ca/course.php?c=66152&cal=1&d=2519&s=1033&y=85
482,PP473,https://academic-calendar.wlu.ca/course.php?c=66153&cal=1&d=2519&s=1033&y=85
483,PP474,https://academic-calendar.wlu.ca/course.php?c=66154&cal=1&d=2519&s=1033&y=85
484,PP480,https://academic-calendar.wlu.ca/course.php?c=62563&cal=1&d=2519&s=1033&y=85
485,PP490,https://academic-calendar.wlu.ca/course.php?c=62564&cal=1&d=2519&s=1033&y=85
486,PC131,https://academic-calendar.wlu.ca/course.php?c=63681&cal=1&d=2572&s=1034&y=85
487,PC132,https://academic-calendar.wlu.ca/course.php?c=63682&cal=1&d=2572&s=1034&y=85
488,PC141,https://academic-calendar.wlu.ca/course.php?c=63684&cal=1&d=2572&s=1034&y=85
489,PC142,https://academic-calendar.wlu.ca/course.php?c=63685&cal=1&d=2572&s=1034&y=85
490,PC151,https://academic-calendar.wlu.ca/course.php?c=63709&cal=1&d=2572&s=1034&y=85
491,PC152,https://academic-calendar.wlu.ca/course.php?c=63710&cal=1&d=2572&s=1034&y=85
492,PC161,https://academic-calendar.wlu.ca/course.php?c=63711&cal=1&d=2572&s=1034&y=85
493,PC162,https://academic-calendar.wlu.ca/course.php?c=63712&cal=1&d=2572&s=1034&y=85
494,PC212,https://academic-calendar.wlu.ca/course.php?c=63686&cal=1&d=2572&s=1034&y=85
495,PC220,https://academic-calendar.wlu.ca/course.php?c=63680&cal=1&d=2572&s=1034&y=85
496,PC221,https://academic-calendar.wlu.ca/course.php?c=63687&cal=1&d=2572&s=1034&y=85
497,PC234,https://academic-calendar.wlu.ca/course.php?c=63679&cal=1&d=2572&s=1034&y=85
498,PC235,https://academic-calendar.wlu.ca/course.php?c=63704&cal=1&d=2572&s=1034&y=85
499,PC236,https://academic-calendar.wlu.ca/course.php?c=63683&cal=1&d=2572&s=1034&y=85
500,PC237,https://academic-calendar.wlu.ca/course.php?c=63688&cal=1&d=2572&s=1034&y=85
501,PC242,https://academic-calendar.wlu.ca/course.php?c=63689&cal=1&d=2572&s=1034&y=85
502,PC310,https://academic-calendar.wlu.ca/course.php?c=63707&cal=1&d=2572&s=1034&y=85
503,PC315,https://academic-calendar.wlu.ca/course.php?c=63690&cal=1&d=2572&s=1034&y=85
504,PC319,https://academic-calendar.wlu.ca/course.php?c=63691&cal=1&d=2572&s=1034&y=85
505,PC320,https://academic-calendar.wlu.ca/course.php?c=63713&cal=1&d=2572&s=1034&y=85
506,PC321,https://academic-calendar.wlu.ca/course.php?c=63692&cal=1&d=2572&s=1034&y=85
507,PC322,https://academic-calendar.wlu.ca/course.php?c=63693&cal=1&d=2572&s=1034&y=85
508,PC331,https://academic-calendar.wlu.ca/course.php?c=63694&cal=1&d=2572&s=1034&y=85
509,PC344,https://academic-calendar.wlu.ca/course.php?c=63695&cal=1&d=2572&s=1034&y=85
510,PC351,https://academic-calendar.wlu.ca/course.php?c=63714&cal=1&d=2572&s=1034&y=85
511,PC360,https://academic-calendar.wlu.ca/course.php?c=63696&cal=1&d=2572&s=1034&y=85
512,PC364,https://academic-calendar.wlu.ca/course.php?c=63697&cal=1&d=2572&s=1034&y=85
513,PC395,https://academic-calendar.wlu.ca/course.php?c=63708&cal=1&d=2572&s=1034&y=85
514,PC400,https://academic-calendar.wlu.ca/course.php?c=63706&cal=1&d=2572&s=1034&y=85
515,PC413,https://academic-calendar.wlu.ca/course.php?c=63715&cal=1&d=2572&s=1034&y=85
516,PC454,https://academic-calendar.wlu.ca/course.php?c=63705&cal=1&d=2572&s=1034&y=85
517,PC474,https://academic-calendar.wlu.ca/course.php?c=63698&cal=1&d=2572&s=1034&y=85
518,PC475,https://academic-calendar.wlu.ca/course.php?c=63699&cal=1&d=2572&s=1034&y=85
519,PC481,https://academic-calendar.wlu.ca/course.php?c=63700&cal=1&d=2572&s=1034&y=85
520,PC491,https://academic-calendar.wlu.ca/course.php?c=63701&cal=1&d=2572&s=1034&y=85
521,PC492,https://academic-calendar.wlu.ca/course.php?c=63702&cal=1&d=2572&s=1034&y=85
522,PC495,https://academic-calendar.wlu.ca/course.php?c=63703&cal=1&d=2572&s=1034&y=85
523,PD100,https://academic-calendar.wlu.ca/course.php?c=65032&cal=1&d=2649&s=1047&y=85
524,PD101,https://academic-calendar.wlu.ca/course.php?c=65033&cal=1&d=2649&s=1047&y=85
525,PD200,https://academic-calendar.wlu.ca/course.php?c=65035&cal=1&d=2649&s=1047&y=85
526,PD201,https://academic-calendar.wlu.ca/course.php?c=65034&cal=1&d=2649&s=1047&y=85
527,PD202,https://academic-calendar.wlu.ca/course.php?c=65036&cal=1&d=2649&s=1047&y=85
528,PD203,https://academic-calendar.wlu.ca/course.php?c=65037&cal=1&d=2649&s=1047&y=85
529,PD205,https://academic-calendar.wlu.ca/course.php?c=65038&cal=1&d=2649&s=1047&y=85
530,PD206,https://academic-calendar.wlu.ca/course.php?c=65031&cal=1&d=2649&s=1047&y=85
531,PD224,https://academic-calendar.wlu.ca/course.php?c=65054&cal=1&d=2649&s=1047&y=85
532,PD291,https://academic-calendar.wlu.ca/course.php?c=65051&cal=1&d=2649&s=1047&y=85
533,PD300,https://academic-calendar.wlu.ca/course.php?c=65039&cal=1&d=2649&s=1047&y=85
534,PD301,https://academic-calendar.wlu.ca/course.php?c=65040&cal=1&d=2649&s=1047&y=85
535,PD302,https://academic-calendar.wlu.ca/course.php?c=65041&cal=1&d=2649&s=1047&y=85
536,PD303,https://academic-calendar.wlu.ca/course.php?c=65042&cal=1&d=2649&s=1047&y=85
537,PD304,https://academic-calendar.wlu.ca/course.php?c=65043&cal=1&d=2649&s=1047&y=85
538,PD305,https://academic-calendar.wlu.ca/course.php?c=65044&cal=1&d=2649&s=1047&y=85
539,PD306,https://academic-calendar.wlu.ca/course.php?c=65045&cal=1&d=2649&s=1047&y=85
540,PD312,https://academic-calendar.wlu.ca/course.php?c=65052&cal=1&d=2649&s=1047&y=85
541,PD400,https://academic-calendar.wlu.ca/course.php?c=65046&cal=1&d=2649&s=1047&y=85
542,PD401,https://academic-calendar.wlu.ca/course.php?c=65047&cal=1&d=2649&s=1047&y=85
543,PD402,https://academic-calendar.wlu.ca/course.php?c=65048&cal=1&d=2649&s=1047&y=85
544,PD403,https://academic-calendar.wlu.ca/course.php?c=65049&cal=1&d=2649&s=1047&y=85
545,PD404,https://academic-calendar.wlu.ca/course.php?c=65050&cal=1&d=2649&s=1047&y=85
546,PD426,https://academic-calendar.wlu.ca/course.php?c=65053&cal=1&d=2649&s=1047&y=85
547,PO101,https://academic-calendar.wlu.ca/course.php?c=62620&cal=1&d=2520&s=1033&y=85
548,PO102,https://academic-calendar.wlu.ca/course.php?c=62621&cal=1&d=2520&s=1033&y=85
549,PO209,https://academic-calendar.wlu.ca/course.php?c=62625&cal=1&d=2520&s=1033&y=85
550,PO210,https://academic-calendar.wlu.ca/course.php?c=62608&cal=1&d=2520&s=1033&y=85
551,PO212,https://academic-calendar.wlu.ca/course.php?c=62622&cal=1&d=2520&s=1033&y=85
552,PO217,https://academic-calendar.wlu.ca/course.php?c=62570&cal=1&d=2520&s=1033&y=85
553,PO218,https://academic-calendar.wlu.ca/course.php?c=62571&cal=1&d=2520&s=1033&y=85
554,PO220,https://academic-calendar.wlu.ca/course.php?c=62574&cal=1&d=2520&s=1033&y=85
555,PO221,https://academic-calendar.wlu.ca/course.php?c=62575&cal=1&d=2520&s=1033&y=85
556,PO225,https://academic-calendar.wlu.ca/course.php?c=62572&cal=1&d=2520&s=1033&y=85
557,PO226,https://academic-calendar.wlu.ca/course.php?c=62573&cal=1&d=2520&s=1033&y=85
558,PO230,https://academic-calendar.wlu.ca/course.php?c=62640&cal=1&d=2520&s=1033&y=85
559,PO231,https://academic-calendar.wlu.ca/course.php?c=62576&cal=1&d=2520&s=1033&y=85
560,PO232,https://academic-calendar.wlu.ca/course.php?c=62577&cal=1&d=2520&s=1033&y=85
561,PO235,https://academic-calendar.wlu.ca/course.php?c=62634&cal=1&d=2520&s=1033&y=85
562,PO236,https://academic-calendar.wlu.ca/course.php?c=62635&cal=1&d=2520&s=1033&y=85
563,PO237,https://academic-calendar.wlu.ca/course.php?c=62641&cal=1&d=2520&s=1033&y=85
564,PO245,https://academic-calendar.wlu.ca/course.php?c=62630&cal=1&d=2520&s=1033&y=85
565,PO263,https://academic-calendar.wlu.ca/course.php?c=62578&cal=1&d=2520&s=1033&y=85
566,PO264,https://academic-calendar.wlu.ca/course.php?c=62579&cal=1&d=2520&s=1033&y=85
567,PO288,https://academic-calendar.wlu.ca/course.php?c=62626&cal=1&d=2520&s=1033&y=85
568,PO301,https://academic-calendar.wlu.ca/course.php?c=62606&cal=1&d=2520&s=1033&y=85
569,PO310,https://academic-calendar.wlu.ca/course.php?c=62580&cal=1&d=2520&s=1033&y=85
570,PO311,https://academic-calendar.wlu.ca/course.php?c=62581&cal=1&d=2520&s=1033&y=85
571,PO312,https://academic-calendar.wlu.ca/course.php?c=62582&cal=1&d=2520&s=1033&y=85
572,PO315,https://academic-calendar.wlu.ca/course.php?c=62569&cal=1&d=2520&s=1033&y=85
573,PO316,https://academic-calendar.wlu.ca/course.php?c=62583&cal=1&d=2520&s=1033&y=85
574,PO317,https://academic-calendar.wlu.ca/course.php?c=62636&cal=1&d=2520&s=1033&y=85
575,PO318,https://academic-calendar.wlu.ca/course.php?c=62584&cal=1&d=2520&s=1033&y=85
576,PO319,https://academic-calendar.wlu.ca/course.php?c=62605&cal=1&d=2520&s=1033&y=85
577,PO320,https://academic-calendar.wlu.ca/course.php?c=62585&cal=1&d=2520&s=1033&y=85
578,PO322,https://academic-calendar.wlu.ca/course.php?c=62618&cal=1&d=2520&s=1033&y=85
579,PO323,https://academic-calendar.wlu.ca/course.php?c=62610&cal=1&d=2520&s=1033&y=85
580,PO324,https://academic-calendar.wlu.ca/course.php?c=62586&cal=1&d=2520&s=1033&y=85
581,PO326,https://academic-calendar.wlu.ca/course.php?c=62611&cal=1&d=2520&s=1033&y=85
582,PO329,https://academic-calendar.wlu.ca/course.php?c=62587&cal=1&d=2520&s=1033&y=85
583,PO330,https://academic-calendar.wlu.ca/course.php?c=62588&cal=1&d=2520&s=1033&y=85
584,PO331,https://academic-calendar.wlu.ca/course.php?c=62628&cal=1&d=2520&s=1033&y=85
585,PO332,https://academic-calendar.wlu.ca/course.php?c=62589&cal=1&d=2520&s=1033&y=85
586,PO333,https://academic-calendar.wlu.ca/course.php?c=62590&cal=1&d=2520&s=1033&y=85
587,PO334,https://academic-calendar.wlu.ca/course.php?c=62591&cal=1&d=2520&s=1033&y=85
588,PO344,https://academic-calendar.wlu.ca/course.php?c=62624&cal=1&d=2520&s=1033&y=85
589,PO345,https://academic-calendar.wlu.ca/course.php?c=62593&cal=1&d=2520&s=1033&y=85
590,PO347,https://academic-calendar.wlu.ca/course.php?c=62623&cal=1&d=2520&s=1033&y=85
591,PO350,https://academic-calendar.wlu.ca/course.php?c=62607&cal=1&d=2520&s=1033&y=85
592,PO360,https://academic-calendar.wlu.ca/course.php?c=62594&cal=1&d=2520&s=1033&y=85
593,PO369,https://academic-calendar.wlu.ca/course.php?c=62632&cal=1&d=2520&s=1033&y=85
594,PO370,https://academic-calendar.wlu.ca/course.php?c=62609&cal=1&d=2520&s=1033&y=85
595,PO371,https://academic-calendar.wlu.ca/course.php?c=62592&cal=1&d=2520&s=1033&y=85
596,PO373,https://academic-calendar.wlu.ca/course.php?c=62612&cal=1&d=2520&s=1033&y=85
597,PO374,https://academic-calendar.wlu.ca/course.php?c=62613&cal=1&d=2520&s=1033&y=85
598,PO381,https://academic-calendar.wlu.ca/course.php?c=62638&cal=1&d=2520&s=1033&y=85
599,PO388,https://academic-calendar.wlu.ca/course.php?c=62637&cal=1&d=2520&s=1033&y=85
600,PO389,https://academic-calendar.wlu.ca/course.php?c=62629&cal=1&d=2520&s=1033&y=85
601,PO420,https://academic-calendar.wlu.ca/course.php?c=62619&cal=1&d=2520&s=1033&y=85
602,PO422,https://academic-calendar.wlu.ca/course.php?c=66155&cal=1&d=2520&s=1033&y=85
603,PO425,https://academic-calendar.wlu.ca/course.php?c=62633&cal=1&d=2520&s=1033&y=85
604,PO431,https://academic-calendar.wlu.ca/course.php?c=62614&cal=1&d=2520&s=1033&y=85
605,PO432,https://academic-calendar.wlu.ca/course.php?c=62615&cal=1&d=2520&s=1033&y=85
606,PO433,https://academic-calendar.wlu.ca/course.php?c=62616&cal=1&d=2520&s=1033&y=85
607,PO452,https://academic-calendar.wlu.ca/course.php?c=62595&cal=1&d=2520&s=1033&y=85
608,PO465,https://academic-calendar.wlu.ca/course.php?c=62596&cal=1&d=2520&s=1033&y=85
609,PO466,https://academic-calendar.wlu.ca/course.php?c=62597&cal=1&d=2520&s=1033&y=85
610,PO467,https://academic-calendar.wlu.ca/course.php?c=62598&cal=1&d=2520&s=1033&y=85
611,PO471,https://academic-calendar.wlu.ca/course.php?c=62599&cal=1&d=2520&s=1033&y=85
612,PO472,https://academic-calendar.wlu.ca/course.php?c=62642&cal=1&d=2520&s=1033&y=85
613,PO473,https://academic-calendar.wlu.ca/course.php?c=62643&cal=1&d=2520&s=1033&y=85
614,PO474,https://academic-calendar.wlu.ca/course.php?c=62644&cal=1&d=2520&s=1033&y=85
615,PO478,https://academic-calendar.wlu.ca/course.php?c=62600&cal=1&d=2520&s=1033&y=85
616,PO479,https://academic-calendar.wlu.ca/course.php?c=62631&cal=1&d=2520&s=1033&y=85
617,PO480,https://academic-calendar.wlu.ca/course.php?c=66156&cal=1&d=2520&s=1033&y=85
618,PO481,https://academic-calendar.wlu.ca/course.php?c=62601&cal=1&d=2520&s=1033&y=85
619,PO487,https://academic-calendar.wlu.ca/course.php?c=62627&cal=1&d=2520&s=1033&y=85
620,PO488,https://academic-calendar.wlu.ca/course.php?c=62639&cal=1&d=2520&s=1033&y=85
621,PO489,https://academic-calendar.wlu.ca/course.php?c=62617&cal=1&d=2520&s=1033&y=85
622,PO497,https://academic-calendar.wlu.ca/course.php?c=62602&cal=1&d=2520&s=1033&y=85
623,PO498,https://academic-calendar.wlu.ca/course.php?c=62603&cal=1&d=2520&s=1033&y=85
624,PO499,https://academic-calendar.wlu.ca/course.php?c=62604&cal=1&d=2520&s=1033&y=85
